seed,mode,N,K,p_max_layers,mixer,warm_start,formulation,best_energy,optimal_energy,energy_gap,cvar,overlap,gate_single,gate_two,layers_used,duration_sec,shots,noise_p,objective,pairs_mode
10,standard,8,4,2,xy,0,mvo,-0.008203044876937775,-0.013537433286355175,0.0053343884094174,-0.0037599320924769845,0.02912774570840567,0,16,2,0.02029871940612793,0,0.0,expectation,all
20,standard,8,4,2,xy,0,mvo,-0.001864014301059157,-0.006130025279275572,0.004266010978216415,0.0011747464222467265,0.043570545105342105,0,16,2,0.016244888305664062,0,0.0,expectation,all
30,standard,8,4,2,xy,0,mvo,0.002487618579510999,-0.005121623326439055,0.007609241905950054,0.0075551141837282,0.004893367107854819,0,16,2,0.014439821243286133,0,0.0,expectation,all
40,standard,8,4,2,xy,0,mvo,-0.003862027057651851,-0.011514593951606547,0.007652566893954696,0.0014801656409786379,0.03149313119408653,0,16,2,0.025806665420532227,0,0.0,expectation,all
50,standard,8,4,2,xy,0,mvo,0.0025160170347837043,-0.002385303143334059,0.004901320178117763,0.006110772156632304,0.01447707548003508,0,16,2,0.018451690673828125,0,0.0,expectation,all
10,adapt,8,4,6,xy,0,mvo,-0.008198963627357649,-0.013537433286355175,0.005338469658997527,-0.003794158485309942,0.02855913211730882,0,4,4,0.1668105125427246,0,0.0,expectation,all
20,adapt,8,4,6,xy,0,mvo,-0.001859521036930713,-0.006130025279275572,0.004270504242344859,0.0013013308199978683,0.014313118074796726,0,2,2,0.07117319107055664,0,0.0,expectation,all
30,adapt,8,4,6,xy,0,mvo,0.002483007668809367,-0.005121623326439055,0.007604630995248422,0.006682815758548596,0.0032716426087453965,0,5,5,0.23245716094970703,0,0.0,expectation,all
40,adapt,8,4,6,xy,0,mvo,-0.0038180702834050015,-0.011514593951606547,0.0076965236682015456,0.0011214763098955024,0.01434599769774221,0,2,2,0.07990336418151855,0,0.0,expectation,all
50,adapt,8,4,6,xy,0,mvo,0.0025086511197163048,-0.002385303143334059,0.0048939542630503634,0.005998114214916021,0.019124425227252873,0,5,5,0.23396682739257812,0,0.0,expectation,all
10,standard,12,6,2,xy,0,mvo,-0.008229143081426023,-0.016377773558908123,0.0081486304774821,-0.0032995561651658076,0.004250552519223261,0,24,2,0.04985857009887695,0,0.0,expectation,all
20,standard,12,6,2,xy,0,mvo,0.001651668766437095,-0.007780343701441528,0.009432012467878623,0.006336481954591766,0.0002688753227069541,0,24,2,0.05272698402404785,0,0.0,expectation,all
30,standard,12,6,2,xy,0,mvo,0.0009097060882948787,-0.007594810763814287,0.008504516852109165,0.0061771176787133,0.0005944027105058267,0,24,2,0.0481109619140625,0,0.0,expectation,all
40,standard,12,6,2,xy,0,mvo,-0.006919504271899003,-0.017307730129085167,0.010388225857186163,-0.0015176813065056888,0.0001883090197613301,0,24,2,0.049909114837646484,0,0.0,expectation,all
50,standard,12,6,2,xy,0,mvo,-0.0034487587453396395,-0.013192114766273215,0.009743356020933576,0.0018869724767857665,4.261175077417573e-05,0,24,2,0.05770301818847656,0,0.0,expectation,all
10,adapt,12,6,6,xy,0,mvo,-0.008288815159095282,-0.016377773558908123,0.008088958399812841,-0.0031570281790541596,0.002527348202373743,0,6,6,1.5555939674377441,0,0.0,expectation,all
20,adapt,12,6,6,xy,0,mvo,0.0016679674324517769,-0.007780343701441528,0.009448311133893304,0.006810542126893562,0.0010916381853119975,0,2,2,0.45984601974487305,0,0.0,expectation,all
30,adapt,12,6,6,xy,0,mvo,0.0009319832192764604,-0.007594810763814287,0.008526793983090747,0.005982115621314759,0.0010885304194806576,0,2,2,0.45467591285705566,0,0.0,expectation,all
40,adapt,12,6,6,xy,0,mvo,-0.0068890815480542635,-0.017307730129085167,0.010418648581030903,-0.0007125865445533307,0.0018761615656203636,0,3,3,0.725043535232544,0,0.0,expectation,all
50,adapt,12,6,6,xy,0,mvo,-0.0034309455138888797,-0.013192114766273215,0.009761169252384336,0.00198441156452896,0.001091442622176656,0,2,2,0.45226240158081055,0,0.0,expectation,all
10,standard,16,8,2,xy,0,mvo,-0.012925653898131651,-0.024844118423671912,0.01191846452554026,-0.0076296010519617645,4.255442255609855e-05,0,32,2,2.1671581268310547,0,0.0,expectation,all
20,standard,16,8,2,xy,0,mvo,0.0008792153450260457,-0.010394533890121512,0.011273749235147557,0.0059244269368318,4.725553444815732e-06,0,32,2,2.1173391342163086,0,0.0,expectation,all
30,standard,16,8,2,xy,0,mvo,0.0029746506401316483,-0.007447133152424049,0.010421783792555697,0.007148924451533725,2.6166179821711425e-06,0,32,2,2.1536054611206055,0,0.0,expectation,all
40,standard,16,8,2,xy,0,mvo,-0.0120095955462097,-0.02277296623291989,0.01076337068671019,-0.0070186985642367,2.1699085213163372e-05,0,32,2,2.1388769149780273,0,0.0,expectation,all
50,standard,16,8,2,xy,0,mvo,-0.005544225939103217,-0.019882650567062995,0.014338424627959779,0.0005759343584891885,4.365924745053041e-05,0,32,2,2.1610631942749023,0,0.0,expectation,all
10,adapt,16,8,6,xy,0,mvo,-0.012912736240757774,-0.024844118423671912,0.011931382182914138,-0.00782935857091549,7.77694540094054e-05,0,2,2,25.258114337921143,0,0.0,expectation,all
20,adapt,16,8,6,xy,0,mvo,0.0009075299653668012,-0.010394533890121512,0.011302063855488313,0.006162414366290273,0.00010273963562971083,0,4,4,96.39461016654968,0,0.0,expectation,all
30,adapt,16,8,6,xy,0,mvo,0.0029479635702280224,-0.007447133152424049,0.010395096722652071,0.007846748093634082,7.393617190929835e-05,0,6,6,156.43830800056458,0,0.0,expectation,all
40,adapt,16,8,6,xy,0,mvo,-0.012010604288942574,-0.02277296623291989,0.010762361943977316,-0.006742533017383241,0.00021397290637707712,0,6,6,171.1148018836975,0,0.0,expectation,all
50,adapt,16,8,6,xy,0,mvo,-0.005570973065657051,-0.019882650567062995,0.014311677501405945,0.0013938091643346778,0.00017701944934839329,0,6,6,161.73592567443848,0,0.0,expectation,all
10,standard,20,10,2,xy,0,mvo,-0.016170238989470558,-0.03211042287000047,0.01594018388052991,-0.009588331041850374,2.8380991445743356e-06,0,40,2,69.05232858657837,0,0.0,expectation,all
20,standard,20,10,2,xy,0,mvo,0.0016665452629855769,-0.01320773355009626,0.014874278813081836,0.007798725719673706,3.101240895031574e-06,0,40,2,65.51506519317627,0,0.0,expectation,all
30,standard,20,10,2,xy,0,mvo,0.002600041663469107,-0.010104898212027138,0.012704939875496245,0.008370609948140758,8.578299704600567e-08,0,40,2,70.2895860671997,0,0.0,expectation,all
10,adapt,20,10,6,xy,0,mvo,-0.016151001041968132,-0.03211042287000047,0.015959421828032335,-0.009812845416158024,5.1047308405411665e-06,0,4,4,1708.5191071033478,0,0.0,expectation,all
20,adapt,20,10,6,xy,0,mvo,0.0017230994771457965,-0.01320773355009626,0.014930833027242057,0.00728379467183162,3.9636106766550446e-07,0,3,3,863.0332388877869,0,0.0,expectation,all
30,adapt,20,10,6,xy,0,mvo,0.00260537386238768,-0.010104898212027138,0.012710272074414818,0.008482054455511645,5.491684442654635e-06,0,3,3,750.2512390613556,0,0.0,expectation,all
10,standard,22,11,2,xy,0,mvo,-0.015295850235940113,-0.0333555238791163,0.018059673643176184,-0.008666437274342893,9.981975005519384e-07,0,44,2,120.82940769195557,0,0.0,expectation,all
10,adapt,22,11,6,xy,0,mvo,-0.015270334892422405,-0.0333555238791163,0.018085188986693895,-0.008789142715141456,1.426483368632523e-06,0,2,2,1961.6838989257812,0,0.0,expectation,all
10,standard,24,12,2,xy,0,mvo,-0.012600420381148851,-0.029984130085298405,0.017383709704149555,-0.006653823533782218,2.8400820239998437e-07,0,48,2,483.72554421424866,0,0.0,expectation,all
10,adapt,24,12,6,xy,0,mvo,-0.012590090435284206,-0.029984130085298405,0.0173940396500142,-0.006387170557413918,3.7155808754932254e-07,0,2,2,9158.144890785217,0,0.0,expectation,all
10,standard,8,4,1,xy,0,mvo,-0.008191374462648804,-0.013537433286355175,0.005346058823706371,-0.0038485349245595078,0.014507981567173006,0,8,1,0.03626728057861328,0,0.0,expectation,all
20,standard,8,4,1,xy,0,mvo,-0.0018641908395628428,-0.006130025279275572,0.004265834439712729,0.0009344628297651899,0.014457288771685898,0,8,1,0.008420228958129883,0,0.0,expectation,all
30,standard,8,4,1,xy,0,mvo,0.0025038123713627012,-0.005121623326439055,0.007625435697801756,0.006752592026901605,0.011746649810870919,0,8,1,0.010310888290405273,0,0.0,expectation,all
10,standard,8,4,1,xy,1,mvo,-0.008199499102399031,-0.013537433286355175,0.0053379341839561445,-0.004008786767002348,0.014573705359068611,0,8,1,0.02094268798828125,0,0.0,expectation,all
20,standard,8,4,1,xy,1,mvo,-0.0018592069760719893,-0.006130025279275572,0.004270818303203583,0.000942943237593487,0.014370693149296345,0,8,1,0.014419317245483398,0,0.0,expectation,all
30,standard,8,4,1,xy,1,mvo,0.0024888547927750296,-0.005121623326439055,0.007610478119214085,0.007095455716000204,0.014517263492508401,0,8,1,0.011949539184570312,0,0.0,expectation,all
10,standard,12,6,1,xy,0,mvo,-0.008211110596855527,-0.016377773558908123,0.008166662962052595,-0.003387102457260638,0.0007297353569391957,0,12,1,0.028722047805786133,0,0.0,expectation,all
20,standard,12,6,1,xy,0,mvo,0.0016676031893018473,-0.007780343701441528,0.009447946890743375,0.0063051087676422165,0.00020808818462961083,0,12,1,0.026576757431030273,0,0.0,expectation,all
30,standard,12,6,1,xy,0,mvo,0.0009310670141349155,-0.007594810763814287,0.008525877777949203,0.005595239952117651,0.0006405883623944402,0,12,1,0.031098604202270508,0,0.0,expectation,all
10,standard,12,6,1,xy,1,mvo,-0.00824143417216174,-0.016377773558908123,0.008136339386746383,-0.0034267375546438244,0.0006513562264726658,0,12,1,0.031032323837280273,0,0.0,expectation,all
20,standard,12,6,1,xy,1,mvo,0.0016519487756642861,-0.007780343701441528,0.009432292477105813,0.006661154949543815,0.0008418911794496244,0,12,1,0.020509958267211914,0,0.0,expectation,all
30,standard,12,6,1,xy,1,mvo,0.0009199241377351458,-0.007594810763814287,0.008514734901549432,0.0056010707249680115,0.0008980346513475041,0,12,1,0.03583049774169922,0,0.0,expectation,all
10,standard,16,8,1,xy,0,mvo,-0.01292738488296925,-0.024844118423671912,0.011916733540702662,-0.007852039118752771,0.00011059599812490505,0,16,1,1.0758790969848633,0,0.0,expectation,all
20,standard,16,8,1,xy,0,mvo,0.0009080853015601857,-0.010394533890121512,0.011302619191681698,0.0058808258838167395,3.3657655652666184e-06,0,16,1,0.9810004234313965,0,0.0,expectation,all
30,standard,16,8,1,xy,0,mvo,0.0029688482495494623,-0.007447133152424049,0.010415981401973511,0.007294495323109992,2.2864741712983784e-06,0,16,1,0.9916906356811523,0,0.0,expectation,all
10,standard,16,8,1,xy,1,mvo,-0.012938077653873085,-0.024844118423671912,0.011906040769798827,-0.007791624106635051,0.00011281138172761996,0,16,1,1.0007593631744385,0,0.0,expectation,all
20,standard,16,8,1,xy,1,mvo,0.0008950520278569028,-0.010394533890121512,0.011289585917978415,0.005862155411363747,5.677416705389559e-06,0,16,1,1.039550542831421,0,0.0,expectation,all
30,standard,16,8,1,xy,1,mvo,0.0029586796586824906,-0.007447133152424049,0.01040581281110654,0.007343062387643984,3.6835098005474013e-06,0,16,1,1.0541338920593262,0,0.0,expectation,all
10,standard,20,10,1,xy,0,mvo,-0.016171818467892576,-0.03211042287000047,0.01593860440210789,-0.009650751747298757,3.801727405500078e-06,0,20,1,15.323080778121948,0,0.0,expectation,all
20,standard,20,10,1,xy,0,mvo,0.0017151901653215593,-0.01320773355009626,0.014922923715417818,0.007914313679314017,1.0352022938739474e-06,0,20,1,15.7289297580719,0,0.0,expectation,all
30,standard,20,10,1,xy,0,mvo,0.0026015219067737267,-0.010104898212027138,0.012706420118800864,0.00817838586199438,4.3986408095223724e-07,0,20,1,15.44086503982544,0,0.0,expectation,all
10,standard,20,10,1,xy,1,mvo,-0.016185736899965945,-0.03211042287000047,0.015924685970034522,-0.009795698784380334,6.262791336105014e-06,0,20,1,15.859118461608887,0,0.0,expectation,all
20,standard,20,10,1,xy,1,mvo,0.001697045275057124,-0.01320773355009626,0.014904778825153384,0.007836624993372418,5.042535923474558e-06,0,20,1,16.035802125930786,0,0.0,expectation,all
30,standard,20,10,1,xy,1,mvo,0.002594577512645532,-0.010104898212027138,0.01269947572467267,0.008200903943954646,3.1441222941483264e-06,0,20,1,16.27770495414734,0,0.0,expectation,all
10,standard,12,6,2,xy,0,mvo,-0.008229143081426023,-0.016377773558908123,0.0081486304774821,-0.0032995561651658076,0.004250552519223261,0,24,2,0.05706048011779785,0,0.0,expectation,all
20,standard,12,6,2,xy,0,mvo,0.001651668766437095,-0.007780343701441528,0.009432012467878623,0.006336481954591766,0.0002688753227069541,0,24,2,0.04613685607910156,0,0.0,expectation,all
30,standard,12,6,2,xy,0,mvo,0.0009097060882948787,-0.007594810763814287,0.008504516852109165,0.0061771176787133,0.0005944027105058267,0,24,2,0.041454315185546875,0,0.0,expectation,all
10,adapt,12,6,6,xy,0,mvo,-0.008288815159095282,-0.016377773558908123,0.008088958399812841,-0.0031570281790541596,0.002527348202373743,0,6,6,1.4967098236083984,0,0.0,expectation,all
20,adapt,12,6,6,xy,0,mvo,0.0016679674324517769,-0.007780343701441528,0.009448311133893304,0.006810542126893562,0.0010916381853119975,0,2,2,0.46059393882751465,0,0.0,expectation,all
30,adapt,12,6,6,xy,0,mvo,0.0009319832192764604,-0.007594810763814287,0.008526793983090747,0.005982115621314759,0.0010885304194806576,0,2,2,0.4600403308868408,0,0.0,expectation,all
10,standard,12,6,2,xy,0,mad,0.0028697441168654796,0.0016241695306326285,0.001245574586232851,0.0034611352404282105,0.0002547085862645213,0,24,2,0.09231877326965332,0,0.0,expectation,all
20,standard,12,6,2,xy,0,mad,0.004592126537704324,0.0029906004413946443,0.0016015260963096797,0.00539293749149932,0.00032217803000641343,0,24,2,0.09223437309265137,0,0.0,expectation,all
30,standard,12,6,2,xy,0,mad,0.0048280273632572215,0.0032411065984406595,0.001586920764816562,0.005678938415174698,0.002662497864980566,0,24,2,0.08126401901245117,0,0.0,expectation,all
10,adapt,12,6,6,xy,0,mad,0.0028543933311947125,0.0016241695306326285,0.001230223800562084,0.003640351983762089,0.004389955923901459,0,5,5,1.5456619262695312,0,0.0,expectation,all
20,adapt,12,6,6,xy,0,mad,0.004586670970628955,0.0029906004413946443,0.0015960705292343107,0.005606377736286235,0.001922535622723183,0,4,4,1.1264762878417969,0,0.0,expectation,all
30,adapt,12,6,6,xy,0,mad,0.004814565614166527,0.0032411065984406595,0.0015734590157258678,0.0055915148488749995,0.001081661733322687,0,2,2,0.5013210773468018,0,0.0,expectation,all
10,standard,12,6,2,xy,0,cvar,0.00761417645561256,0.004472046116010325,0.003142130339602235,0.00938730725064066,0.002966602271311865,0,24,2,0.18358254432678223,0,0.0,expectation,all
20,standard,12,6,2,xy,0,cvar,0.013306254201423194,0.009247086932299635,0.004059167269123559,0.015123533566420268,0.0023878898474540824,0,24,2,0.08237028121948242,0,0.0,expectation,all
30,standard,12,6,2,xy,0,cvar,0.01190246840647495,0.008449526117157205,0.0034529422893177456,0.013880551391577092,0.0022181465996117416,0,24,2,0.08178043365478516,0,0.0,expectation,all
10,adapt,12,6,6,xy,0,cvar,0.0075550942551287584,0.004472046116010325,0.0030830481391184335,0.00909623723868193,0.0011076713021148281,0,4,4,1.0867183208465576,0,0.0,expectation,all
20,adapt,12,6,6,xy,0,cvar,0.013264835181750862,0.009247086932299635,0.004017748249451227,0.014765215317187,0.0010830660042828602,0,2,2,0.47853612899780273,0,0.0,expectation,all
30,adapt,12,6,6,xy,0,cvar,0.011857727209618335,0.008449526117157205,0.0034082010924611304,0.013956056382592206,0.0010208855559767826,0,5,5,1.4762396812438965,0,0.0,expectation,all
10,standard,12,6,2,xy,0,mvo,-0.008229143081426023,-0.016377773558908123,0.0081486304774821,-0.0032995561651658076,0.004250552519223261,0,24,2,0.04615378379821777,0,0.0,expectation,all
20,standard,12,6,2,xy,0,mvo,0.001651668766437095,-0.007780343701441528,0.009432012467878623,0.006336481954591766,0.0002688753227069541,0,24,2,0.051001787185668945,0,0.0,expectation,all
30,standard,12,6,2,xy,0,mvo,0.0009097060882948787,-0.007594810763814287,0.008504516852109165,0.0061771176787133,0.0005944027105058267,0,24,2,0.05111980438232422,0,0.0,expectation,all
10,standard,12,6,2,xy,0,mvo,-0.008468422521899005,-0.016377773558908123,0.007909351037009118,-0.0027095000533714857,0.00390625,0,24,2,0.7627019882202148,512,0.01,expectation,all
20,standard,12,6,2,xy,0,mvo,0.0014332393485875935,-0.007780343701441528,0.00921358305002912,0.006580882810010175,0.005859375,0,24,2,0.7571260929107666,512,0.01,expectation,all
30,standard,12,6,2,xy,0,mvo,0.0006185429382063964,-0.007594810763814287,0.008213353702020683,0.005750538442495195,0.0,0,24,2,0.7452840805053711,512,0.01,expectation,all
10,standard,12,6,2,xy,0,mvo,-0.008468422521899005,-0.016377773558908123,0.007909351037009118,-0.0027095000533714857,0.00390625,0,24,2,0.7523796558380127,512,0.05,expectation,all
20,standard,12,6,2,xy,0,mvo,0.0014332393485875935,-0.007780343701441528,0.00921358305002912,0.006580882810010175,0.005859375,0,24,2,0.7545957565307617,512,0.05,expectation,all
30,standard,12,6,2,xy,0,mvo,0.0006185429382063964,-0.007594810763814287,0.008213353702020683,0.005750538442495195,0.0,0,24,2,0.7423887252807617,512,0.05,expectation,all
10,standard,12,6,2,xy,0,mvo,-0.003867038051912861,-0.016377773558908123,0.012510735506995262,-0.003867038051912861,0.0004985162578421321,0,24,2,0.13235163688659668,0,0.0,cvar,all
20,standard,12,6,2,xy,0,mvo,0.005667786596098399,-0.007780343701441528,0.013448130297539926,0.005667786596098399,0.00012374631955207446,0,24,2,0.13279247283935547,0,0.0,cvar,all
30,standard,12,6,2,xy,0,mvo,0.005184935134935458,-0.007594810763814287,0.012779745898749743,0.005184935134935458,0.0002290848206112665,0,24,2,0.14305377006530762,0,0.0,cvar,all
10,standard,12,6,2,xy,0,mvo,-0.0038104888423087452,-0.016377773558908123,0.012567284716599379,-0.0035633544486280543,0.0,0,24,2,0.7655735015869141,512,0.01,cvar,all
20,standard,12,6,2,xy,0,mvo,0.005423582718679804,-0.007780343701441528,0.013203926420121331,0.005589861424351081,0.0,0,24,2,0.7946133613586426,512,0.01,cvar,all
30,standard,12,6,2,xy,0,mvo,0.0048488179510254165,-0.007594810763814287,0.012443628714839703,0.00527902166875746,0.0,0,24,2,0.7624292373657227,512,0.01,cvar,all
10,standard,12,6,2,xy,0,mvo,-0.0038104888423087452,-0.016377773558908123,0.012567284716599379,-0.0035633544486280543,0.0,0,24,2,0.7829358577728271,512,0.05,cvar,all
20,standard,12,6,2,xy,0,mvo,0.005423582718679804,-0.007780343701441528,0.013203926420121331,0.005589861424351081,0.0,0,24,2,0.79410719871521,512,0.05,cvar,all
30,standard,12,6,2,xy,0,mvo,0.0048488179510254165,-0.007594810763814287,0.012443628714839703,0.00527902166875746,0.0,0,24,2,0.7738330364227295,512,0.05,cvar,all
10,standard,16,8,1,x,0,mvo,0.012327646522192174,-0.024844118423671912,0.037171764945864084,0.1184776389345481,7.768048862764708e-05,16,0,1,0.8085663318634033,0,0.0,expectation,all
20,standard,16,8,1,x,0,mvo,0.9785034941942047,-0.010394533890121512,0.9888980280843261,4.89373696520876,7.694320981496777e-05,16,0,1,0.7891347408294678,0,0.0,expectation,all
30,standard,16,8,1,x,0,mvo,0.040167374781253797,-0.007447133152424049,0.047614507933677844,0.193706976300119,7.767120100899757e-05,16,0,1,0.8152825832366943,0,0.0,expectation,all
10,standard,16,8,1,xy,0,mvo,-0.01292738488296925,-0.024844118423671912,0.011916733540702662,-0.007852039118752771,0.00011059599812490505,0,16,1,0.9805386066436768,0,0.0,expectation,all
20,standard,16,8,1,xy,0,mvo,0.0009080853015601857,-0.010394533890121512,0.011302619191681698,0.0058808258838167395,3.3657655652666184e-06,0,16,1,1.0180788040161133,0,0.0,expectation,all
30,standard,16,8,1,xy,0,mvo,0.0029688482495494623,-0.007447133152424049,0.010415981401973511,0.007294495323109992,2.2864741712983784e-06,0,16,1,1.0608627796173096,0,0.0,expectation,all
10,standard,12,6,1,xy,0,mvo,-0.00836071173981912,-0.016377773558908123,0.008017061819089002,-0.0033151126732269666,0.0009765625,0,12,1,1.5219790935516357,1024,0.0,expectation,all
20,standard,12,6,1,xy,0,mvo,0.001496201918788996,-0.007780343701441528,0.009276545620230524,0.006491583165602526,0.0,0,12,1,1.4335501194000244,1024,0.0,expectation,all
30,standard,12,6,1,xy,0,mvo,0.0007518911608694329,-0.007594810763814287,0.00834670192468372,0.0056324069664074805,0.0009765625,0,12,1,1.439535140991211,1024,0.0,expectation,all
10,standard,12,6,1,xy,0,mvo,-0.00836071173981912,-0.016377773558908123,0.008017061819089002,-0.0033151126732269666,0.0,0,12,1,1.4392831325531006,1024,0.001,expectation,all
20,standard,12,6,1,xy,0,mvo,0.001496201918788996,-0.007780343701441528,0.009276545620230524,0.006491583165602526,0.0,0,12,1,1.4731242656707764,1024,0.001,expectation,all
30,standard,12,6,1,xy,0,mvo,0.0007518911608694329,-0.007594810763814287,0.00834670192468372,0.0056324069664074805,0.0009765625,0,12,1,1.4594979286193848,1024,0.001,expectation,all
10,standard,12,6,1,xy,0,mvo,-0.00836071173981912,-0.016377773558908123,0.008017061819089002,-0.0033151126732269666,0.0,0,12,1,1.4454925060272217,1024,0.005,expectation,all
20,standard,12,6,1,xy,0,mvo,0.001496201918788996,-0.007780343701441528,0.009276545620230524,0.006491583165602526,0.0,0,12,1,1.464425802230835,1024,0.005,expectation,all
30,standard,12,6,1,xy,0,mvo,0.0007518911608694329,-0.007594810763814287,0.00834670192468372,0.0056324069664074805,0.0009765625,0,12,1,1.490286111831665,1024,0.005,expectation,all
10,standard,12,6,1,xy,0,mvo,-0.00836071173981912,-0.016377773558908123,0.008017061819089002,-0.0033151126732269666,0.0,0,12,1,1.4454798698425293,1024,0.01,expectation,all
20,standard,12,6,1,xy,0,mvo,0.001496201918788996,-0.007780343701441528,0.009276545620230524,0.006491583165602526,0.0,0,12,1,1.5031859874725342,1024,0.01,expectation,all
30,standard,12,6,1,xy,0,mvo,0.0007518911608694329,-0.007594810763814287,0.00834670192468372,0.0056324069664074805,0.0009765625,0,12,1,1.440972089767456,1024,0.01,expectation,all
10,standard,12,6,1,xy,0,mvo,-0.00836071173981912,-0.016377773558908123,0.008017061819089002,-0.0033151126732269666,0.0,0,12,1,1.4612431526184082,1024,0.02,expectation,all
20,standard,12,6,1,xy,0,mvo,0.001496201918788996,-0.007780343701441528,0.009276545620230524,0.006491583165602526,0.0,0,12,1,1.441039800643921,1024,0.02,expectation,all
30,standard,12,6,1,xy,0,mvo,0.0007518911608694329,-0.007594810763814287,0.00834670192468372,0.0056324069664074805,0.0009765625,0,12,1,1.452486276626587,1024,0.02,expectation,all
10,standard,12,6,1,xy,0,mvo,-0.00836071173981912,-0.016377773558908123,0.008017061819089002,-0.0033151126732269666,0.0,0,12,1,1.454153060913086,1024,0.05,expectation,all
20,standard,12,6,1,xy,0,mvo,0.001496201918788996,-0.007780343701441528,0.009276545620230524,0.006491583165602526,0.0,0,12,1,1.4411430358886719,1024,0.05,expectation,all
30,standard,12,6,1,xy,0,mvo,0.0007518911608694329,-0.007594810763814287,0.00834670192468372,0.0056324069664074805,0.0009765625,0,12,1,1.514085054397583,1024,0.05,expectation,all
10,standard,12,6,1,xy,0,mvo,-0.00836071173981912,-0.016377773558908123,0.008017061819089002,-0.0033151126732269666,0.0,0,12,1,1.4505751132965088,1024,0.1,expectation,all
20,standard,12,6,1,xy,0,mvo,0.001496201918788996,-0.007780343701441528,0.009276545620230524,0.006491583165602526,0.0,0,12,1,1.4589014053344727,1024,0.1,expectation,all
30,standard,12,6,1,xy,0,mvo,0.0007518911608694329,-0.007594810763814287,0.00834670192468372,0.0056324069664074805,0.0009765625,0,12,1,1.509403944015503,1024,0.1,expectation,all
